ID,SKU,Images
73069,123198850834,"https://staging10.dashboardinstrumentcluster.com/wp-content/uploads/2022/11/s-l1600-7821.jpg, https://staging10.dashboardinstrumentcluster.com/wp-content/uploads/2022/11/s-l1600-7822.jpg, https://staging10.dashboardinstrumentcluster.com/wp-content/uploads/2022/11/s-l1600-7823.jpg, https://staging10.dashboardinstrumentcluster.com/wp-content/uploads/2022/11/s-l1600-7824.jpg, https://staging10.dashboardinstrumentcluster.com/wp-content/uploads/2022/11/s-l500-3388.jpg, https://staging10.dashboardinstrumentcluster.com/wp-content/uploads/2022/11/s-l500-3389.jpg"
73078,123670319972,"https://staging10.dashboardinstrumentcluster.com/wp-content/uploads/2022/11/s-l1600-7825.jpg, https://staging10.dashboardinstrumentcluster.com/wp-content/uploads/2022/11/s-l1600-7826.jpg, https://staging10.dashboardinstrumentcluster.com/wp-content/uploads/2022/11/s-l1600-7827.jpg, https://staging10.dashboardinstrumentcluster.com/wp-content/uploads/2022/11/s-l1600-7828.jpg, https://staging10.dashboardinstrumentcluster.com/wp-content/uploads/2022/11/s-l1600-7829.jpg, https://staging10.dashboardinstrumentcluster.com/wp-content/uploads/2022/11/s-l1600-7830.jpg, https://staging10.dashboardinstrumentcluster.com/wp-content/uploads/2022/11/s-l500-3390.jpg, https://staging10.dashboardinstrumentcluster.com/wp-content/uploads/2022/11/s-l500-3391.jpg"
73088,123670329472,"https://staging10.dashboardinstrumentcluster.com/wp-content/uploads/2022/11/s-l1600-7831.jpg, https://staging10.dashboardinstrumentcluster.com/wp-content/uploads/2022/11/s-l1600-7832.jpg, https://staging10.dashboardinstrumentcluster.com/wp-content/uploads/2022/11/s-l1600-7833.jpg, https://staging10.dashboardinstrumentcluster.com/wp-content/uploads/2022/11/s-l1600-7834.jpg, https://staging10.dashboardinstrumentcluster.com/wp-content/uploads/2022/11/s-l1600-7835.jpg, https://staging10.dashboardinstrumentcluster.com/wp-content/uploads/2022/11/s-l1600-7836.jpg, https://staging10.dashboardinstrumentcluster.com/wp-content/uploads/2022/11/s-l1600-7837.jpg, https://staging10.dashboardinstrumentcluster.com/wp-content/uploads/2022/11/s-l500-3392.jpg, https://staging10.dashboardinstrumentcluster.com/wp-content/uploads/2022/11/s-l500-3393.jpg"
73097,123670668158,"https://staging10.dashboardinstrumentcluster.com/wp-content/uploads/2022/11/s-l1600-7838.jpg, https://staging10.dashboardinstrumentcluster.com/wp-content/uploads/2022/11/s-l1600-7839.jpg, https://staging10.dashboardinstrumentcluster.com/wp-content/uploads/2022/11/s-l1600-7840.jpg, https://staging10.dashboardinstrumentcluster.com/wp-content/uploads/2022/11/s-l1600-7841.jpg, https://staging10.dashboardinstrumentcluster.com/wp-content/uploads/2022/11/s-l1600-7842.jpg, https://staging10.dashboardinstrumentcluster.com/wp-content/uploads/2022/11/s-l1600-7843.jpg, https://staging10.dashboardinstrumentcluster.com/wp-content/uploads/2022/11/s-l500-3394.jpg, https://staging10.dashboardinstrumentcluster.com/wp-content/uploads/2022/11/s-l500-3395.jpg"
73106,123670722897,"https://staging10.dashboardinstrumentcluster.com/wp-content/uploads/2022/11/s-l1600-7844.jpg, https://staging10.dashboardinstrumentcluster.com/wp-content/uploads/2022/11/s-l1600-7845.jpg, https://staging10.dashboardinstrumentcluster.com/wp-content/uploads/2022/11/s-l1600-7846.jpg, https://staging10.dashboardinstrumentcluster.com/wp-content/uploads/2022/11/s-l1600-7847.jpg, https://staging10.dashboardinstrumentcluster.com/wp-content/uploads/2022/11/s-l1600-7848.jpg, https://staging10.dashboardinstrumentcluster.com/wp-content/uploads/2022/11/s-l1600-7849.jpg, https://staging10.dashboardinstrumentcluster.com/wp-content/uploads/2022/11/s-l500-3396.jpg, https://staging10.dashboardinstrumentcluster.com/wp-content/uploads/2022/11/s-l500-3397.jpg"
73116,123670722942,"https://staging10.dashboardinstrumentcluster.com/wp-content/uploads/2022/11/s-l1600-7850.jpg, https://staging10.dashboardinstrumentcluster.com/wp-content/uploads/2022/11/s-l1600-7851.jpg, https://staging10.dashboardinstrumentcluster.com/wp-content/uploads/2022/11/s-l1600-7852.jpg, https://staging10.dashboardinstrumentcluster.com/wp-content/uploads/2022/11/s-l1600-7853.jpg, https://staging10.dashboardinstrumentcluster.com/wp-content/uploads/2022/11/s-l1600-7854.jpg, https://staging10.dashboardinstrumentcluster.com/wp-content/uploads/2022/11/s-l1600-7855.jpg, https://staging10.dashboardinstrumentcluster.com/wp-content/uploads/2022/11/s-l1600-7856.jpg, https://staging10.dashboardinstrumentcluster.com/wp-content/uploads/2022/11/s-l500-3398.jpg, https://staging10.dashboardinstrumentcluster.com/wp-content/uploads/2022/11/s-l500-3399.jpg"
73124,123670722975,"https://staging10.dashboardinstrumentcluster.com/wp-content/uploads/2022/11/s-l1600-7857.jpg, https://staging10.dashboardinstrumentcluster.com/wp-content/uploads/2022/11/s-l1600-7858.jpg, https://staging10.dashboardinstrumentcluster.com/wp-content/uploads/2022/11/s-l1600-7859.jpg, https://staging10.dashboardinstrumentcluster.com/wp-content/uploads/2022/11/s-l1600-7860.jpg, https://staging10.dashboardinstrumentcluster.com/wp-content/uploads/2022/11/s-l1600-7861.jpg, https://staging10.dashboardinstrumentcluster.com/wp-content/uploads/2022/11/s-l500-3400.jpg, https://staging10.dashboardinstrumentcluster.com/wp-content/uploads/2022/11/s-l500-3401.jpg"
73132,123686269862,"https://staging10.dashboardinstrumentcluster.com/wp-content/uploads/2022/11/s-l1600-7862.jpg, https://staging10.dashboardinstrumentcluster.com/wp-content/uploads/2022/11/s-l1600-7863.jpg, https://staging10.dashboardinstrumentcluster.com/wp-content/uploads/2022/11/s-l1600-7864.jpg, https://staging10.dashboardinstrumentcluster.com/wp-content/uploads/2022/11/s-l1600-7865.jpg, https://staging10.dashboardinstrumentcluster.com/wp-content/uploads/2022/11/s-l1600-7866.jpg, https://staging10.dashboardinstrumentcluster.com/wp-content/uploads/2022/11/s-l500-3402.jpg, https://staging10.dashboardinstrumentcluster.com/wp-content/uploads/2022/11/s-l500-3403.jpg"
73141,123686272880,"https://staging10.dashboardinstrumentcluster.com/wp-content/uploads/2022/11/s-l1600-7867.jpg, https://staging10.dashboardinstrumentcluster.com/wp-content/uploads/2022/11/s-l1600-7868.jpg, https://staging10.dashboardinstrumentcluster.com/wp-content/uploads/2022/11/s-l1600-7869.jpg, https://staging10.dashboardinstrumentcluster.com/wp-content/uploads/2022/11/s-l1600-7870.jpg, https://staging10.dashboardinstrumentcluster.com/wp-content/uploads/2022/11/s-l1600-7871.jpg, https://staging10.dashboardinstrumentcluster.com/wp-content/uploads/2022/11/s-l1600-7872.jpg, https://staging10.dashboardinstrumentcluster.com/wp-content/uploads/2022/11/s-l500-3404.jpg, https://staging10.dashboardinstrumentcluster.com/wp-content/uploads/2022/11/s-l500-3405.jpg"
73149,123686274414,"https://staging10.dashboardinstrumentcluster.com/wp-content/uploads/2022/11/s-l1600-7873.jpg, https://staging10.dashboardinstrumentcluster.com/wp-content/uploads/2022/11/s-l1600-7874.jpg, https://staging10.dashboardinstrumentcluster.com/wp-content/uploads/2022/11/s-l1600-7875.jpg, https://staging10.dashboardinstrumentcluster.com/wp-content/uploads/2022/11/s-l1600-7876.jpg, https://staging10.dashboardinstrumentcluster.com/wp-content/uploads/2022/11/s-l1600-7877.jpg, https://staging10.dashboardinstrumentcluster.com/wp-content/uploads/2022/11/s-l500-3406.jpg, https://staging10.dashboardinstrumentcluster.com/wp-content/uploads/2022/11/s-l500-3407.jpg"
73157,123686309456,"https://staging10.dashboardinstrumentcluster.com/wp-content/uploads/2022/11/s-l1600-7878.jpg, https://staging10.dashboardinstrumentcluster.com/wp-content/uploads/2022/11/s-l1600-7879.jpg, https://staging10.dashboardinstrumentcluster.com/wp-content/uploads/2022/11/s-l1600-7880.jpg, https://staging10.dashboardinstrumentcluster.com/wp-content/uploads/2022/11/s-l1600-7881.jpg, https://staging10.dashboardinstrumentcluster.com/wp-content/uploads/2022/11/s-l1600-7882.jpg, https://staging10.dashboardinstrumentcluster.com/wp-content/uploads/2022/11/s-l500-3408.jpg, https://staging10.dashboardinstrumentcluster.com/wp-content/uploads/2022/11/s-l500-3409.jpg"
73169,123686309577,"https://staging10.dashboardinstrumentcluster.com/wp-content/uploads/2022/11/s-l1600-7883.jpg, https://staging10.dashboardinstrumentcluster.com/wp-content/uploads/2022/11/s-l1600-7884.jpg, https://staging10.dashboardinstrumentcluster.com/wp-content/uploads/2022/11/s-l1600-7885.jpg, https://staging10.dashboardinstrumentcluster.com/wp-content/uploads/2022/11/s-l1600-7886.jpg, https://staging10.dashboardinstrumentcluster.com/wp-content/uploads/2022/11/s-l1600-7887.jpg, https://staging10.dashboardinstrumentcluster.com/wp-content/uploads/2022/11/s-l1600-7888.jpg, https://staging10.dashboardinstrumentcluster.com/wp-content/uploads/2022/11/s-l1600-7889.jpg, https://staging10.dashboardinstrumentcluster.com/wp-content/uploads/2022/11/s-l1600-7890.jpg, https://staging10.dashboardinstrumentcluster.com/wp-content/uploads/2022/11/s-l1600-7891.jpg, https://staging10.dashboardinstrumentcluster.com/wp-content/uploads/2022/11/s-l500-3410.jpg, https://staging10.dashboardinstrumentcluster.com/wp-content/uploads/2022/11/s-l500-3411.jpg"
73178,123686309657,"https://staging10.dashboardinstrumentcluster.com/wp-content/uploads/2022/11/s-l1600-7892.jpg, https://staging10.dashboardinstrumentcluster.com/wp-content/uploads/2022/11/s-l1600-7893.jpg, https://staging10.dashboardinstrumentcluster.com/wp-content/uploads/2022/11/s-l1600-7894.jpg, https://staging10.dashboardinstrumentcluster.com/wp-content/uploads/2022/11/s-l1600-7895.jpg, https://staging10.dashboardinstrumentcluster.com/wp-content/uploads/2022/11/s-l1600-7896.jpg, https://staging10.dashboardinstrumentcluster.com/wp-content/uploads/2022/11/s-l1600-7897.jpg, https://staging10.dashboardinstrumentcluster.com/wp-content/uploads/2022/11/s-l500-3412.jpg, https://staging10.dashboardinstrumentcluster.com/wp-content/uploads/2022/11/s-l500-3413.jpg"
73186,123686365784,"https://staging10.dashboardinstrumentcluster.com/wp-content/uploads/2022/11/s-l1600-7898.jpg, https://staging10.dashboardinstrumentcluster.com/wp-content/uploads/2022/11/s-l1600-7899.jpg, https://staging10.dashboardinstrumentcluster.com/wp-content/uploads/2022/11/s-l1600-7900.jpg, https://staging10.dashboardinstrumentcluster.com/wp-content/uploads/2022/11/s-l1600-7901.jpg, https://staging10.dashboardinstrumentcluster.com/wp-content/uploads/2022/11/s-l1600-7902.jpg, https://staging10.dashboardinstrumentcluster.com/wp-content/uploads/2022/11/s-l500-3414.jpg, https://staging10.dashboardinstrumentcluster.com/wp-content/uploads/2022/11/s-l500-3415.jpg"
73193,123686368431,"https://staging10.dashboardinstrumentcluster.com/wp-content/uploads/2022/11/s-l1600-7903.jpg, https://staging10.dashboardinstrumentcluster.com/wp-content/uploads/2022/11/s-l1600-7904.jpg, https://staging10.dashboardinstrumentcluster.com/wp-content/uploads/2022/11/s-l1600-7905.jpg, https://staging10.dashboardinstrumentcluster.com/wp-content/uploads/2022/11/s-l1600-7906.jpg, https://staging10.dashboardinstrumentcluster.com/wp-content/uploads/2022/11/s-l500-3416.jpg, https://staging10.dashboardinstrumentcluster.com/wp-content/uploads/2022/11/s-l500-3417.jpg"
73201,123687734885,"https://staging10.dashboardinstrumentcluster.com/wp-content/uploads/2022/11/s-l1600-7907.jpg, https://staging10.dashboardinstrumentcluster.com/wp-content/uploads/2022/11/s-l1600-7908.jpg, https://staging10.dashboardinstrumentcluster.com/wp-content/uploads/2022/11/s-l1600-7909.jpg, https://staging10.dashboardinstrumentcluster.com/wp-content/uploads/2022/11/s-l1600-7910.jpg, https://staging10.dashboardinstrumentcluster.com/wp-content/uploads/2022/11/s-l1600-7911.jpg, https://staging10.dashboardinstrumentcluster.com/wp-content/uploads/2022/11/s-l500-3418.jpg, https://staging10.dashboardinstrumentcluster.com/wp-content/uploads/2022/11/s-l500-3419.jpg"
73208,123687734889,"https://staging10.dashboardinstrumentcluster.com/wp-content/uploads/2022/11/s-l1600-7912.jpg, https://staging10.dashboardinstrumentcluster.com/wp-content/uploads/2022/11/s-l1600-7913.jpg, https://staging10.dashboardinstrumentcluster.com/wp-content/uploads/2022/11/s-l1600-7914.jpg, https://staging10.dashboardinstrumentcluster.com/wp-content/uploads/2022/11/s-l1600-7915.jpg, https://staging10.dashboardinstrumentcluster.com/wp-content/uploads/2022/11/s-l500-3420.jpg, https://staging10.dashboardinstrumentcluster.com/wp-content/uploads/2022/11/s-l500-3421.jpg"
73215,123687734905,"https://staging10.dashboardinstrumentcluster.com/wp-content/uploads/2022/11/s-l1600-7916.jpg, https://staging10.dashboardinstrumentcluster.com/wp-content/uploads/2022/11/s-l1600-7917.jpg, https://staging10.dashboardinstrumentcluster.com/wp-content/uploads/2022/11/s-l1600-7918.jpg, https://staging10.dashboardinstrumentcluster.com/wp-content/uploads/2022/11/s-l1600-7919.jpg, https://staging10.dashboardinstrumentcluster.com/wp-content/uploads/2022/11/s-l500-3422.jpg, https://staging10.dashboardinstrumentcluster.com/wp-content/uploads/2022/11/s-l500-3423.jpg"
73223,123687734911,"https://staging10.dashboardinstrumentcluster.com/wp-content/uploads/2022/11/s-l1600-7920.jpg, https://staging10.dashboardinstrumentcluster.com/wp-content/uploads/2022/11/s-l1600-7921.jpg, https://staging10.dashboardinstrumentcluster.com/wp-content/uploads/2022/11/s-l1600-7922.jpg, https://staging10.dashboardinstrumentcluster.com/wp-content/uploads/2022/11/s-l1600-7923.jpg, https://staging10.dashboardinstrumentcluster.com/wp-content/uploads/2022/11/s-l1600-7924.jpg, https://staging10.dashboardinstrumentcluster.com/wp-content/uploads/2022/11/s-l500-3424.jpg, https://staging10.dashboardinstrumentcluster.com/wp-content/uploads/2022/11/s-l500-3425.jpg"
73230,123687734923,"https://staging10.dashboardinstrumentcluster.com/wp-content/uploads/2022/11/s-l1600-7925.jpg, https://staging10.dashboardinstrumentcluster.com/wp-content/uploads/2022/11/s-l1600-7926.jpg, https://staging10.dashboardinstrumentcluster.com/wp-content/uploads/2022/11/s-l1600-7927.jpg, https://staging10.dashboardinstrumentcluster.com/wp-content/uploads/2022/11/s-l1600-7928.jpg, https://staging10.dashboardinstrumentcluster.com/wp-content/uploads/2022/11/s-l500-3426.jpg, https://staging10.dashboardinstrumentcluster.com/wp-content/uploads/2022/11/s-l500-3427.jpg"
73237,123687740875,"https://staging10.dashboardinstrumentcluster.com/wp-content/uploads/2022/11/s-l1600-7929.jpg, https://staging10.dashboardinstrumentcluster.com/wp-content/uploads/2022/11/s-l1600-7930.jpg, https://staging10.dashboardinstrumentcluster.com/wp-content/uploads/2022/11/s-l1600-7931.jpg, https://staging10.dashboardinstrumentcluster.com/wp-content/uploads/2022/11/s-l1600-7932.jpg, https://staging10.dashboardinstrumentcluster.com/wp-content/uploads/2022/11/s-l500-3428.jpg, https://staging10.dashboardinstrumentcluster.com/wp-content/uploads/2022/11/s-l500-3429.jpg"
73244,123687740882,"https://staging10.dashboardinstrumentcluster.com/wp-content/uploads/2022/11/s-l1600-7933.jpg, https://staging10.dashboardinstrumentcluster.com/wp-content/uploads/2022/11/s-l1600-7934.jpg, https://staging10.dashboardinstrumentcluster.com/wp-content/uploads/2022/11/s-l1600-7935.jpg, https://staging10.dashboardinstrumentcluster.com/wp-content/uploads/2022/11/s-l1600-7936.jpg, https://staging10.dashboardinstrumentcluster.com/wp-content/uploads/2022/11/s-l500-3430.jpg, https://staging10.dashboardinstrumentcluster.com/wp-content/uploads/2022/11/s-l500-3431.jpg"
73252,123687740890,"https://staging10.dashboardinstrumentcluster.com/wp-content/uploads/2022/11/s-l1600-7937.jpg, https://staging10.dashboardinstrumentcluster.com/wp-content/uploads/2022/11/s-l1600-7938.jpg, https://staging10.dashboardinstrumentcluster.com/wp-content/uploads/2022/11/s-l1600-7939.jpg, https://staging10.dashboardinstrumentcluster.com/wp-content/uploads/2022/11/s-l1600-7940.jpg, https://staging10.dashboardinstrumentcluster.com/wp-content/uploads/2022/11/s-l1600-7941.jpg, https://staging10.dashboardinstrumentcluster.com/wp-content/uploads/2022/11/s-l500-3432.jpg, https://staging10.dashboardinstrumentcluster.com/wp-content/uploads/2022/11/s-l500-3433.jpg"
73261,123687740916,"https://staging10.dashboardinstrumentcluster.com/wp-content/uploads/2022/11/s-l1600-7942.jpg, https://staging10.dashboardinstrumentcluster.com/wp-content/uploads/2022/11/s-l1600-7943.jpg, https://staging10.dashboardinstrumentcluster.com/wp-content/uploads/2022/11/s-l1600-7944.jpg, https://staging10.dashboardinstrumentcluster.com/wp-content/uploads/2022/11/s-l1600-7945.jpg, https://staging10.dashboardinstrumentcluster.com/wp-content/uploads/2022/11/s-l1600-7946.jpg, https://staging10.dashboardinstrumentcluster.com/wp-content/uploads/2022/11/s-l1600-7947.jpg, https://staging10.dashboardinstrumentcluster.com/wp-content/uploads/2022/11/s-l500-3434.jpg, https://staging10.dashboardinstrumentcluster.com/wp-content/uploads/2022/11/s-l500-3435.jpg"
73268,123688827689,"https://staging10.dashboardinstrumentcluster.com/wp-content/uploads/2022/11/s-l1600-7948.jpg, https://staging10.dashboardinstrumentcluster.com/wp-content/uploads/2022/11/s-l1600-7949.jpg, https://staging10.dashboardinstrumentcluster.com/wp-content/uploads/2022/11/s-l1600-7950.jpg, https://staging10.dashboardinstrumentcluster.com/wp-content/uploads/2022/11/s-l1600-7951.jpg, https://staging10.dashboardinstrumentcluster.com/wp-content/uploads/2022/11/s-l500-3436.jpg, https://staging10.dashboardinstrumentcluster.com/wp-content/uploads/2022/11/s-l500-3437.jpg"
73277,123688827695,"https://staging10.dashboardinstrumentcluster.com/wp-content/uploads/2022/11/s-l1600-7952.jpg, https://staging10.dashboardinstrumentcluster.com/wp-content/uploads/2022/11/s-l1600-7953.jpg, https://staging10.dashboardinstrumentcluster.com/wp-content/uploads/2022/11/s-l1600-7954.jpg, https://staging10.dashboardinstrumentcluster.com/wp-content/uploads/2022/11/s-l1600-7955.jpg, https://staging10.dashboardinstrumentcluster.com/wp-content/uploads/2022/11/s-l1600-7956.jpg, https://staging10.dashboardinstrumentcluster.com/wp-content/uploads/2022/11/s-l1600-7957.jpg, https://staging10.dashboardinstrumentcluster.com/wp-content/uploads/2022/11/s-l500-3438.jpg, https://staging10.dashboardinstrumentcluster.com/wp-content/uploads/2022/11/s-l500-3439.jpg"
73285,123688827699,"https://staging10.dashboardinstrumentcluster.com/wp-content/uploads/2022/11/s-l1600-7958.jpg, https://staging10.dashboardinstrumentcluster.com/wp-content/uploads/2022/11/s-l1600-7959.jpg, https://staging10.dashboardinstrumentcluster.com/wp-content/uploads/2022/11/s-l1600-7960.jpg, https://staging10.dashboardinstrumentcluster.com/wp-content/uploads/2022/11/s-l1600-7961.jpg, https://staging10.dashboardinstrumentcluster.com/wp-content/uploads/2022/11/s-l1600-7962.jpg, https://staging10.dashboardinstrumentcluster.com/wp-content/uploads/2022/11/s-l500-3440.jpg, https://staging10.dashboardinstrumentcluster.com/wp-content/uploads/2022/11/s-l500-3441.jpg"
73292,123688827703,"https://staging10.dashboardinstrumentcluster.com/wp-content/uploads/2022/11/s-l1600-7963.jpg, https://staging10.dashboardinstrumentcluster.com/wp-content/uploads/2022/11/s-l1600-7964.jpg, https://staging10.dashboardinstrumentcluster.com/wp-content/uploads/2022/11/s-l1600-7965.jpg, https://staging10.dashboardinstrumentcluster.com/wp-content/uploads/2022/11/s-l1600-7966.jpg, https://staging10.dashboardinstrumentcluster.com/wp-content/uploads/2022/11/s-l500-3442.jpg, https://staging10.dashboardinstrumentcluster.com/wp-content/uploads/2022/11/s-l500-3443.jpg"
73299,123688827708,"https://staging10.dashboardinstrumentcluster.com/wp-content/uploads/2022/11/s-l1600-7967.jpg, https://staging10.dashboardinstrumentcluster.com/wp-content/uploads/2022/11/s-l1600-7968.jpg, https://staging10.dashboardinstrumentcluster.com/wp-content/uploads/2022/11/s-l1600-7969.jpg, https://staging10.dashboardinstrumentcluster.com/wp-content/uploads/2022/11/s-l1600-7970.jpg, https://staging10.dashboardinstrumentcluster.com/wp-content/uploads/2022/11/s-l500-3444.jpg, https://staging10.dashboardinstrumentcluster.com/wp-content/uploads/2022/11/s-l500-3445.jpg"
73306,123688827713,"https://staging10.dashboardinstrumentcluster.com/wp-content/uploads/2022/11/s-l1600-7971.jpg, https://staging10.dashboardinstrumentcluster.com/wp-content/uploads/2022/11/s-l1600-7972.jpg, https://staging10.dashboardinstrumentcluster.com/wp-content/uploads/2022/11/s-l1600-7973.jpg, https://staging10.dashboardinstrumentcluster.com/wp-content/uploads/2022/11/s-l1600-7974.jpg, https://staging10.dashboardinstrumentcluster.com/wp-content/uploads/2022/11/s-l500-3446.jpg, https://staging10.dashboardinstrumentcluster.com/wp-content/uploads/2022/11/s-l500-3447.jpg"
73313,123688827717,"https://staging10.dashboardinstrumentcluster.com/wp-content/uploads/2022/11/s-l1600-7975.jpg, https://staging10.dashboardinstrumentcluster.com/wp-content/uploads/2022/11/s-l1600-7976.jpg, https://staging10.dashboardinstrumentcluster.com/wp-content/uploads/2022/11/s-l1600-7977.jpg, https://staging10.dashboardinstrumentcluster.com/wp-content/uploads/2022/11/s-l1600-7978.jpg, https://staging10.dashboardinstrumentcluster.com/wp-content/uploads/2022/11/s-l500-3448.jpg, https://staging10.dashboardinstrumentcluster.com/wp-content/uploads/2022/11/s-l500-3449.jpg"
73320,123688827718,"https://staging10.dashboardinstrumentcluster.com/wp-content/uploads/2022/11/s-l1600-7979.jpg, https://staging10.dashboardinstrumentcluster.com/wp-content/uploads/2022/11/s-l1600-7980.jpg, https://staging10.dashboardinstrumentcluster.com/wp-content/uploads/2022/11/s-l1600-7981.jpg, https://staging10.dashboardinstrumentcluster.com/wp-content/uploads/2022/11/s-l1600-7982.jpg, https://staging10.dashboardinstrumentcluster.com/wp-content/uploads/2022/11/s-l500-3450.jpg, https://staging10.dashboardinstrumentcluster.com/wp-content/uploads/2022/11/s-l500-3451.jpg"
73328,123688827719,"https://staging10.dashboardinstrumentcluster.com/wp-content/uploads/2022/11/s-l1600-7983.jpg, https://staging10.dashboardinstrumentcluster.com/wp-content/uploads/2022/11/s-l1600-7984.jpg, https://staging10.dashboardinstrumentcluster.com/wp-content/uploads/2022/11/s-l1600-7985.jpg, https://staging10.dashboardinstrumentcluster.com/wp-content/uploads/2022/11/s-l1600-7986.jpg, https://staging10.dashboardinstrumentcluster.com/wp-content/uploads/2022/11/s-l1600-7987.jpg, https://staging10.dashboardinstrumentcluster.com/wp-content/uploads/2022/11/s-l500-3452.jpg, https://staging10.dashboardinstrumentcluster.com/wp-content/uploads/2022/11/s-l500-3453.jpg"
73335,123688827724,"https://staging10.dashboardinstrumentcluster.com/wp-content/uploads/2022/11/s-l1600-7988.jpg, https://staging10.dashboardinstrumentcluster.com/wp-content/uploads/2022/11/s-l1600-7989.jpg, https://staging10.dashboardinstrumentcluster.com/wp-content/uploads/2022/11/s-l1600-7990.jpg, https://staging10.dashboardinstrumentcluster.com/wp-content/uploads/2022/11/s-l1600-7991.jpg, https://staging10.dashboardinstrumentcluster.com/wp-content/uploads/2022/11/s-l500-3454.jpg, https://staging10.dashboardinstrumentcluster.com/wp-content/uploads/2022/11/s-l500-3455.jpg"
73342,123688828545,"https://staging10.dashboardinstrumentcluster.com/wp-content/uploads/2022/11/s-l1600-7992.jpg, https://staging10.dashboardinstrumentcluster.com/wp-content/uploads/2022/11/s-l1600-7993.jpg, https://staging10.dashboardinstrumentcluster.com/wp-content/uploads/2022/11/s-l1600-7994.jpg, https://staging10.dashboardinstrumentcluster.com/wp-content/uploads/2022/11/s-l1600-7995.jpg, https://staging10.dashboardinstrumentcluster.com/wp-content/uploads/2022/11/s-l500-3456.jpg, https://staging10.dashboardinstrumentcluster.com/wp-content/uploads/2022/11/s-l500-3457.jpg"
73350,123688927733,"https://staging10.dashboardinstrumentcluster.com/wp-content/uploads/2022/11/s-l1600-7996.jpg, https://staging10.dashboardinstrumentcluster.com/wp-content/uploads/2022/11/s-l1600-7997.jpg, https://staging10.dashboardinstrumentcluster.com/wp-content/uploads/2022/11/s-l1600-7998.jpg, https://staging10.dashboardinstrumentcluster.com/wp-content/uploads/2022/11/s-l1600-7999.jpg, https://staging10.dashboardinstrumentcluster.com/wp-content/uploads/2022/11/s-l1600-8000.jpg, https://staging10.dashboardinstrumentcluster.com/wp-content/uploads/2022/11/s-l500-3458.jpg, https://staging10.dashboardinstrumentcluster.com/wp-content/uploads/2022/11/s-l500-3459.jpg"
73360,123688927749,"https://staging10.dashboardinstrumentcluster.com/wp-content/uploads/2022/11/s-l1600-8001.jpg, https://staging10.dashboardinstrumentcluster.com/wp-content/uploads/2022/11/s-l1600-8002.jpg, https://staging10.dashboardinstrumentcluster.com/wp-content/uploads/2022/11/s-l1600-8003.jpg, https://staging10.dashboardinstrumentcluster.com/wp-content/uploads/2022/11/s-l1600-8004.jpg, https://staging10.dashboardinstrumentcluster.com/wp-content/uploads/2022/11/s-l1600-8005.jpg, https://staging10.dashboardinstrumentcluster.com/wp-content/uploads/2022/11/s-l1600-8006.jpg, https://staging10.dashboardinstrumentcluster.com/wp-content/uploads/2022/11/s-l1600-8007.jpg, https://staging10.dashboardinstrumentcluster.com/wp-content/uploads/2022/11/s-l500-3460.jpg, https://staging10.dashboardinstrumentcluster.com/wp-content/uploads/2022/11/s-l500-3461.jpg"
73371,123688927760,"https://staging10.dashboardinstrumentcluster.com/wp-content/uploads/2022/11/s-l1600-8008.jpg, https://staging10.dashboardinstrumentcluster.com/wp-content/uploads/2022/11/s-l1600-8009.jpg, https://staging10.dashboardinstrumentcluster.com/wp-content/uploads/2022/11/s-l1600-8010.jpg, https://staging10.dashboardinstrumentcluster.com/wp-content/uploads/2022/11/s-l1600-8011.jpg, https://staging10.dashboardinstrumentcluster.com/wp-content/uploads/2022/11/s-l1600-8012.jpg, https://staging10.dashboardinstrumentcluster.com/wp-content/uploads/2022/11/s-l1600-8013.jpg, https://staging10.dashboardinstrumentcluster.com/wp-content/uploads/2022/11/s-l1600-8014.jpg, https://staging10.dashboardinstrumentcluster.com/wp-content/uploads/2022/11/s-l1600-8015.jpg, https://staging10.dashboardinstrumentcluster.com/wp-content/uploads/2022/11/s-l500-3462.jpg, https://staging10.dashboardinstrumentcluster.com/wp-content/uploads/2022/11/s-l500-3463.jpg"
73380,123688927763,"https://staging10.dashboardinstrumentcluster.com/wp-content/uploads/2022/11/s-l1600-8016.jpg, https://staging10.dashboardinstrumentcluster.com/wp-content/uploads/2022/11/s-l1600-8017.jpg, https://staging10.dashboardinstrumentcluster.com/wp-content/uploads/2022/11/s-l1600-8018.jpg, https://staging10.dashboardinstrumentcluster.com/wp-content/uploads/2022/11/s-l1600-8019.jpg, https://staging10.dashboardinstrumentcluster.com/wp-content/uploads/2022/11/s-l1600-8020.jpg, https://staging10.dashboardinstrumentcluster.com/wp-content/uploads/2022/11/s-l1600-8021.jpg, https://staging10.dashboardinstrumentcluster.com/wp-content/uploads/2022/11/s-l500-3464.jpg, https://staging10.dashboardinstrumentcluster.com/wp-content/uploads/2022/11/s-l500-3465.jpg"
73389,123688927768,"https://staging10.dashboardinstrumentcluster.com/wp-content/uploads/2022/11/s-l1600-8022.jpg, https://staging10.dashboardinstrumentcluster.com/wp-content/uploads/2022/11/s-l1600-8023.jpg, https://staging10.dashboardinstrumentcluster.com/wp-content/uploads/2022/11/s-l1600-8024.jpg, https://staging10.dashboardinstrumentcluster.com/wp-content/uploads/2022/11/s-l1600-8025.jpg, https://staging10.dashboardinstrumentcluster.com/wp-content/uploads/2022/11/s-l1600-8026.jpg, https://staging10.dashboardinstrumentcluster.com/wp-content/uploads/2022/11/s-l1600-8027.jpg, https://staging10.dashboardinstrumentcluster.com/wp-content/uploads/2022/11/s-l500-3466.jpg, https://staging10.dashboardinstrumentcluster.com/wp-content/uploads/2022/11/s-l500-3467.jpg"
73396,123688982474,"https://staging10.dashboardinstrumentcluster.com/wp-content/uploads/2022/11/s-l1600-8028.jpg, https://staging10.dashboardinstrumentcluster.com/wp-content/uploads/2022/11/s-l1600-8029.jpg, https://staging10.dashboardinstrumentcluster.com/wp-content/uploads/2022/11/s-l1600-8030.jpg, https://staging10.dashboardinstrumentcluster.com/wp-content/uploads/2022/11/s-l1600-8031.jpg, https://staging10.dashboardinstrumentcluster.com/wp-content/uploads/2022/11/s-l500-3468.jpg, https://staging10.dashboardinstrumentcluster.com/wp-content/uploads/2022/11/s-l500-3469.jpg"
73404,123688982478,"https://staging10.dashboardinstrumentcluster.com/wp-content/uploads/2022/11/s-l1600-8032.jpg, https://staging10.dashboardinstrumentcluster.com/wp-content/uploads/2022/11/s-l1600-8033.jpg, https://staging10.dashboardinstrumentcluster.com/wp-content/uploads/2022/11/s-l1600-8034.jpg, https://staging10.dashboardinstrumentcluster.com/wp-content/uploads/2022/11/s-l1600-8035.jpg, https://staging10.dashboardinstrumentcluster.com/wp-content/uploads/2022/11/s-l1600-8036.jpg, https://staging10.dashboardinstrumentcluster.com/wp-content/uploads/2022/11/s-l500-3470.jpg, https://staging10.dashboardinstrumentcluster.com/wp-content/uploads/2022/11/s-l500-3471.jpg"
73411,123688982483,"https://staging10.dashboardinstrumentcluster.com/wp-content/uploads/2022/11/s-l1600-8037.jpg, https://staging10.dashboardinstrumentcluster.com/wp-content/uploads/2022/11/s-l1600-8038.jpg, https://staging10.dashboardinstrumentcluster.com/wp-content/uploads/2022/11/s-l1600-8039.jpg, https://staging10.dashboardinstrumentcluster.com/wp-content/uploads/2022/11/s-l1600-8040.jpg, https://staging10.dashboardinstrumentcluster.com/wp-content/uploads/2022/11/s-l500-3472.jpg, https://staging10.dashboardinstrumentcluster.com/wp-content/uploads/2022/11/s-l500-3473.jpg"
73418,123688982511,"https://staging10.dashboardinstrumentcluster.com/wp-content/uploads/2022/11/s-l1600-8041.jpg, https://staging10.dashboardinstrumentcluster.com/wp-content/uploads/2022/11/s-l1600-8042.jpg, https://staging10.dashboardinstrumentcluster.com/wp-content/uploads/2022/11/s-l1600-8043.jpg, https://staging10.dashboardinstrumentcluster.com/wp-content/uploads/2022/11/s-l1600-8044.jpg, https://staging10.dashboardinstrumentcluster.com/wp-content/uploads/2022/11/s-l500-3474.jpg, https://staging10.dashboardinstrumentcluster.com/wp-content/uploads/2022/11/s-l500-3475.jpg"
73428,123688982516,"https://staging10.dashboardinstrumentcluster.com/wp-content/uploads/2022/11/s-l1600-8045.jpg, https://staging10.dashboardinstrumentcluster.com/wp-content/uploads/2022/11/s-l1600-8046.jpg, https://staging10.dashboardinstrumentcluster.com/wp-content/uploads/2022/11/s-l1600-8047.jpg, https://staging10.dashboardinstrumentcluster.com/wp-content/uploads/2022/11/s-l1600-8048.jpg, https://staging10.dashboardinstrumentcluster.com/wp-content/uploads/2022/11/s-l1600-8049.jpg, https://staging10.dashboardinstrumentcluster.com/wp-content/uploads/2022/11/s-l1600-8050.jpg, https://staging10.dashboardinstrumentcluster.com/wp-content/uploads/2022/11/s-l1600-8051.jpg, https://staging10.dashboardinstrumentcluster.com/wp-content/uploads/2022/11/s-l500-3476.jpg, https://staging10.dashboardinstrumentcluster.com/wp-content/uploads/2022/11/s-l500-3477.jpg"
73435,123688982521,"https://staging10.dashboardinstrumentcluster.com/wp-content/uploads/2022/11/s-l1600-8052.jpg, https://staging10.dashboardinstrumentcluster.com/wp-content/uploads/2022/11/s-l1600-8053.jpg, https://staging10.dashboardinstrumentcluster.com/wp-content/uploads/2022/11/s-l1600-8054.jpg, https://staging10.dashboardinstrumentcluster.com/wp-content/uploads/2022/11/s-l1600-8055.jpg, https://staging10.dashboardinstrumentcluster.com/wp-content/uploads/2022/11/s-l500-3478.jpg, https://staging10.dashboardinstrumentcluster.com/wp-content/uploads/2022/11/s-l500-3479.jpg"
73442,123688982523,"https://staging10.dashboardinstrumentcluster.com/wp-content/uploads/2022/11/s-l1600-8056.jpg, https://staging10.dashboardinstrumentcluster.com/wp-content/uploads/2022/11/s-l1600-8057.jpg, https://staging10.dashboardinstrumentcluster.com/wp-content/uploads/2022/11/s-l1600-8058.jpg, https://staging10.dashboardinstrumentcluster.com/wp-content/uploads/2022/11/s-l1600-8059.jpg, https://staging10.dashboardinstrumentcluster.com/wp-content/uploads/2022/11/s-l500-3480.jpg, https://staging10.dashboardinstrumentcluster.com/wp-content/uploads/2022/11/s-l500-3481.jpg"
73450,123688982524,"https://staging10.dashboardinstrumentcluster.com/wp-content/uploads/2022/11/s-l1600-8060.jpg, https://staging10.dashboardinstrumentcluster.com/wp-content/uploads/2022/11/s-l1600-8061.jpg, https://staging10.dashboardinstrumentcluster.com/wp-content/uploads/2022/11/s-l1600-8062.jpg, https://staging10.dashboardinstrumentcluster.com/wp-content/uploads/2022/11/s-l1600-8063.jpg, https://staging10.dashboardinstrumentcluster.com/wp-content/uploads/2022/11/s-l1600-8064.jpg, https://staging10.dashboardinstrumentcluster.com/wp-content/uploads/2022/11/s-l500-3482.jpg, https://staging10.dashboardinstrumentcluster.com/wp-content/uploads/2022/11/s-l500-3483.jpg"
73457,123688984075,"https://staging10.dashboardinstrumentcluster.com/wp-content/uploads/2022/11/s-l1600-8065.jpg, https://staging10.dashboardinstrumentcluster.com/wp-content/uploads/2022/11/s-l1600-8066.jpg, https://staging10.dashboardinstrumentcluster.com/wp-content/uploads/2022/11/s-l1600-8067.jpg, https://staging10.dashboardinstrumentcluster.com/wp-content/uploads/2022/11/s-l1600-8068.jpg, https://staging10.dashboardinstrumentcluster.com/wp-content/uploads/2022/11/s-l500-3484.jpg, https://staging10.dashboardinstrumentcluster.com/wp-content/uploads/2022/11/s-l500-3485.jpg"
73466,123688984105,"https://staging10.dashboardinstrumentcluster.com/wp-content/uploads/2022/11/s-l1600-8069.jpg, https://staging10.dashboardinstrumentcluster.com/wp-content/uploads/2022/11/s-l1600-8070.jpg, https://staging10.dashboardinstrumentcluster.com/wp-content/uploads/2022/11/s-l1600-8071.jpg, https://staging10.dashboardinstrumentcluster.com/wp-content/uploads/2022/11/s-l1600-8072.jpg, https://staging10.dashboardinstrumentcluster.com/wp-content/uploads/2022/11/s-l1600-8073.jpg, https://staging10.dashboardinstrumentcluster.com/wp-content/uploads/2022/11/s-l1600-8074.jpg, https://staging10.dashboardinstrumentcluster.com/wp-content/uploads/2022/11/s-l500-3486.jpg, https://staging10.dashboardinstrumentcluster.com/wp-content/uploads/2022/11/s-l500-3487.jpg"
73475,123690401951,"https://staging10.dashboardinstrumentcluster.com/wp-content/uploads/2022/11/s-l1600-8075.jpg, https://staging10.dashboardinstrumentcluster.com/wp-content/uploads/2022/11/s-l1600-8076.jpg, https://staging10.dashboardinstrumentcluster.com/wp-content/uploads/2022/11/s-l1600-8077.jpg, https://staging10.dashboardinstrumentcluster.com/wp-content/uploads/2022/11/s-l1600-8078.jpg, https://staging10.dashboardinstrumentcluster.com/wp-content/uploads/2022/11/s-l1600-8079.jpg, https://staging10.dashboardinstrumentcluster.com/wp-content/uploads/2022/11/s-l1600-8080.jpg, https://staging10.dashboardinstrumentcluster.com/wp-content/uploads/2022/11/s-l500-3488.jpg, https://staging10.dashboardinstrumentcluster.com/wp-content/uploads/2022/11/s-l500-3489.jpg"
73482,123858628263,"https://staging10.dashboardinstrumentcluster.com/wp-content/uploads/2022/11/s-l1600-8081.jpg, https://staging10.dashboardinstrumentcluster.com/wp-content/uploads/2022/11/s-l1600-8082.jpg, https://staging10.dashboardinstrumentcluster.com/wp-content/uploads/2022/11/s-l1600-8083.jpg, https://staging10.dashboardinstrumentcluster.com/wp-content/uploads/2022/11/s-l1600-8084.jpg, https://staging10.dashboardinstrumentcluster.com/wp-content/uploads/2022/11/s-l500-3490.jpg, https://staging10.dashboardinstrumentcluster.com/wp-content/uploads/2022/11/s-l500-3491.jpg"
73490,123858639110,"https://staging10.dashboardinstrumentcluster.com/wp-content/uploads/2022/11/s-l1600-8085.jpg, https://staging10.dashboardinstrumentcluster.com/wp-content/uploads/2022/11/s-l1600-8086.jpg, https://staging10.dashboardinstrumentcluster.com/wp-content/uploads/2022/11/s-l1600-8087.jpg, https://staging10.dashboardinstrumentcluster.com/wp-content/uploads/2022/11/s-l1600-8088.jpg, https://staging10.dashboardinstrumentcluster.com/wp-content/uploads/2022/11/s-l1600-8089.jpg, https://staging10.dashboardinstrumentcluster.com/wp-content/uploads/2022/11/s-l500-3492.jpg, https://staging10.dashboardinstrumentcluster.com/wp-content/uploads/2022/11/s-l500-3493.jpg"
73496,123858879949,"https://staging10.dashboardinstrumentcluster.com/wp-content/uploads/2022/11/s-l1600-8090.jpg, https://staging10.dashboardinstrumentcluster.com/wp-content/uploads/2022/11/s-l1600-8091.jpg, https://staging10.dashboardinstrumentcluster.com/wp-content/uploads/2022/11/s-l1600-8092.jpg, https://staging10.dashboardinstrumentcluster.com/wp-content/uploads/2022/11/s-l1600-8093.jpg, https://staging10.dashboardinstrumentcluster.com/wp-content/uploads/2022/11/s-l1600-8094.jpg"
73504,123860063844,"https://staging10.dashboardinstrumentcluster.com/wp-content/uploads/2022/11/s-l1600-8095.jpg, https://staging10.dashboardinstrumentcluster.com/wp-content/uploads/2022/11/s-l1600-8096.jpg, https://staging10.dashboardinstrumentcluster.com/wp-content/uploads/2022/11/s-l1600-8097.jpg, https://staging10.dashboardinstrumentcluster.com/wp-content/uploads/2022/11/s-l1600-8098.jpg, https://staging10.dashboardinstrumentcluster.com/wp-content/uploads/2022/11/s-l1600-8099.jpg, https://staging10.dashboardinstrumentcluster.com/wp-content/uploads/2022/11/s-l500-3494.jpg, https://staging10.dashboardinstrumentcluster.com/wp-content/uploads/2022/11/s-l500-3495.jpg"
73511,123860124004,"https://staging10.dashboardinstrumentcluster.com/wp-content/uploads/2022/11/s-l1600-8100.jpg, https://staging10.dashboardinstrumentcluster.com/wp-content/uploads/2022/11/s-l1600-8101.jpg, https://staging10.dashboardinstrumentcluster.com/wp-content/uploads/2022/11/s-l1600-8102.jpg, https://staging10.dashboardinstrumentcluster.com/wp-content/uploads/2022/11/s-l1600-8103.jpg, https://staging10.dashboardinstrumentcluster.com/wp-content/uploads/2022/11/s-l500-3496.jpg, https://staging10.dashboardinstrumentcluster.com/wp-content/uploads/2022/11/s-l500-3497.jpg"
73518,123884006716,"https://staging10.dashboardinstrumentcluster.com/wp-content/uploads/2022/11/s-l1600-8104.jpg, https://staging10.dashboardinstrumentcluster.com/wp-content/uploads/2022/11/s-l1600-8105.jpg, https://staging10.dashboardinstrumentcluster.com/wp-content/uploads/2022/11/s-l1600-8106.jpg, https://staging10.dashboardinstrumentcluster.com/wp-content/uploads/2022/11/s-l1600-8107.jpg, https://staging10.dashboardinstrumentcluster.com/wp-content/uploads/2022/11/s-l500-3498.jpg, https://staging10.dashboardinstrumentcluster.com/wp-content/uploads/2022/11/s-l500-3499.jpg"
73524,123975767646,"https://staging10.dashboardinstrumentcluster.com/wp-content/uploads/2022/11/s-l1600-8108.jpg, https://staging10.dashboardinstrumentcluster.com/wp-content/uploads/2022/11/s-l1600-8109.jpg, https://staging10.dashboardinstrumentcluster.com/wp-content/uploads/2022/11/s-l500-3500.jpg, https://staging10.dashboardinstrumentcluster.com/wp-content/uploads/2022/11/s-l500-3501.jpg, https://staging10.dashboardinstrumentcluster.com/wp-content/uploads/2022/11/s-l500-3502.jpg"
73530,124147929220,"https://staging10.dashboardinstrumentcluster.com/wp-content/uploads/2022/11/s-l500-3503.jpg, https://staging10.dashboardinstrumentcluster.com/wp-content/uploads/2022/11/s-l1600-8110.jpg, https://staging10.dashboardinstrumentcluster.com/wp-content/uploads/2022/11/s-l1600-8111.jpg, https://staging10.dashboardinstrumentcluster.com/wp-content/uploads/2022/11/s-l500-3504.jpg, https://staging10.dashboardinstrumentcluster.com/wp-content/uploads/2022/11/s-l500-3505.jpg"
73534,124152586988,"https://staging10.dashboardinstrumentcluster.com/wp-content/uploads/2022/11/s-l500-3506.jpg, https://staging10.dashboardinstrumentcluster.com/wp-content/uploads/2022/11/s-l500-3507.jpg, https://staging10.dashboardinstrumentcluster.com/wp-content/uploads/2022/11/s-l500-3508.jpg"
73543,124156278464,"https://staging10.dashboardinstrumentcluster.com/wp-content/uploads/2022/11/s-l500-3509.jpg, https://staging10.dashboardinstrumentcluster.com/wp-content/uploads/2022/11/s-l500-3510.jpg, https://staging10.dashboardinstrumentcluster.com/wp-content/uploads/2022/11/s-l500-3511.jpg, https://staging10.dashboardinstrumentcluster.com/wp-content/uploads/2022/11/s-l1600-8112.jpg, https://staging10.dashboardinstrumentcluster.com/wp-content/uploads/2022/11/s-l500-3512.jpg, https://staging10.dashboardinstrumentcluster.com/wp-content/uploads/2022/11/s-l500-3513.jpg, https://staging10.dashboardinstrumentcluster.com/wp-content/uploads/2022/11/s-l1600-8113.jpg, https://staging10.dashboardinstrumentcluster.com/wp-content/uploads/2022/11/s-l1600-8114.jpg"
73550,124160645658,"https://staging10.dashboardinstrumentcluster.com/wp-content/uploads/2022/11/s-l500-3514.jpg, https://staging10.dashboardinstrumentcluster.com/wp-content/uploads/2022/11/s-l500-3515.jpg, https://staging10.dashboardinstrumentcluster.com/wp-content/uploads/2022/11/s-l500-3516.jpg, https://staging10.dashboardinstrumentcluster.com/wp-content/uploads/2022/11/s-l500-3517.jpg, https://staging10.dashboardinstrumentcluster.com/wp-content/uploads/2022/11/s-l500-3518.jpg, https://staging10.dashboardinstrumentcluster.com/wp-content/uploads/2022/11/s-l500-3519.jpg"
73556,124160850018,"https://staging10.dashboardinstrumentcluster.com/wp-content/uploads/2022/11/s-l500-3520.jpg, https://staging10.dashboardinstrumentcluster.com/wp-content/uploads/2022/11/s-l500-3521.jpg, https://staging10.dashboardinstrumentcluster.com/wp-content/uploads/2022/11/s-l500-3522.jpg, https://staging10.dashboardinstrumentcluster.com/wp-content/uploads/2022/11/s-l500-3523.jpg, https://staging10.dashboardinstrumentcluster.com/wp-content/uploads/2022/11/s-l500-3524.jpg"
73562,124168992996,"https://staging10.dashboardinstrumentcluster.com/wp-content/uploads/2022/11/s-l500-3525.jpg, https://staging10.dashboardinstrumentcluster.com/wp-content/uploads/2022/11/s-l500-3526.jpg, https://staging10.dashboardinstrumentcluster.com/wp-content/uploads/2022/11/s-l500-3527.jpg, https://staging10.dashboardinstrumentcluster.com/wp-content/uploads/2022/11/s-l500-3528.jpg, https://staging10.dashboardinstrumentcluster.com/wp-content/uploads/2022/11/s-l500-3529.jpg"
73568,124169264002,"https://staging10.dashboardinstrumentcluster.com/wp-content/uploads/2022/11/s-l500-3530.jpg, https://staging10.dashboardinstrumentcluster.com/wp-content/uploads/2022/11/s-l500-3531.jpg, https://staging10.dashboardinstrumentcluster.com/wp-content/uploads/2022/11/s-l500-3532.jpg, https://staging10.dashboardinstrumentcluster.com/wp-content/uploads/2022/11/s-l500-3533.jpg, https://staging10.dashboardinstrumentcluster.com/wp-content/uploads/2022/11/s-l500-3534.jpg"
73574,124170144412,"https://staging10.dashboardinstrumentcluster.com/wp-content/uploads/2022/11/s-l500-3535.jpg, https://staging10.dashboardinstrumentcluster.com/wp-content/uploads/2022/11/s-l500-3536.jpg, https://staging10.dashboardinstrumentcluster.com/wp-content/uploads/2022/11/s-l500-3537.jpg, https://staging10.dashboardinstrumentcluster.com/wp-content/uploads/2022/11/s-l500-3538.jpg, https://staging10.dashboardinstrumentcluster.com/wp-content/uploads/2022/11/s-l500-3539.jpg"
73581,124170235431,"https://staging10.dashboardinstrumentcluster.com/wp-content/uploads/2022/11/s-l500-3540.jpg, https://staging10.dashboardinstrumentcluster.com/wp-content/uploads/2022/11/s-l500-3541.jpg, https://staging10.dashboardinstrumentcluster.com/wp-content/uploads/2022/11/s-l500-3542.jpg, https://staging10.dashboardinstrumentcluster.com/wp-content/uploads/2022/11/s-l500-3543.jpg, https://staging10.dashboardinstrumentcluster.com/wp-content/uploads/2022/11/s-l500-3544.jpg, https://staging10.dashboardinstrumentcluster.com/wp-content/uploads/2022/11/s-l500-3545.jpg"
73587,124171337444,"https://staging10.dashboardinstrumentcluster.com/wp-content/uploads/2022/11/s-l500-3546.jpg, https://staging10.dashboardinstrumentcluster.com/wp-content/uploads/2022/11/s-l500-3547.jpg, https://staging10.dashboardinstrumentcluster.com/wp-content/uploads/2022/11/s-l500-3548.jpg, https://staging10.dashboardinstrumentcluster.com/wp-content/uploads/2022/11/s-l500-3549.jpg, https://staging10.dashboardinstrumentcluster.com/wp-content/uploads/2022/11/s-l500-3550.jpg"
73593,124171629211,"https://staging10.dashboardinstrumentcluster.com/wp-content/uploads/2022/11/s-l500-3551.jpg, https://staging10.dashboardinstrumentcluster.com/wp-content/uploads/2022/11/s-l500-3552.jpg, https://staging10.dashboardinstrumentcluster.com/wp-content/uploads/2022/11/s-l500-3553.jpg, https://staging10.dashboardinstrumentcluster.com/wp-content/uploads/2022/11/s-l500-3554.jpg, https://staging10.dashboardinstrumentcluster.com/wp-content/uploads/2022/11/s-l500-3555.jpg"
73599,124195161318,"https://staging10.dashboardinstrumentcluster.com/wp-content/uploads/2022/11/s-l500-3556.jpg, https://staging10.dashboardinstrumentcluster.com/wp-content/uploads/2022/11/s-l500-3557.jpg, https://staging10.dashboardinstrumentcluster.com/wp-content/uploads/2022/11/s-l500-3558.jpg, https://staging10.dashboardinstrumentcluster.com/wp-content/uploads/2022/11/s-l500-3559.jpg, https://staging10.dashboardinstrumentcluster.com/wp-content/uploads/2022/11/s-l500-3560.jpg"
73605,124219861738,"https://staging10.dashboardinstrumentcluster.com/wp-content/uploads/2022/11/s-l500-3561.jpg, https://staging10.dashboardinstrumentcluster.com/wp-content/uploads/2022/11/s-l500-3562.jpg, https://staging10.dashboardinstrumentcluster.com/wp-content/uploads/2022/11/s-l500-3563.jpg, https://staging10.dashboardinstrumentcluster.com/wp-content/uploads/2022/11/s-l500-3564.jpg, https://staging10.dashboardinstrumentcluster.com/wp-content/uploads/2022/11/s-l500-3565.jpg"
73611,124225411649,"https://staging10.dashboardinstrumentcluster.com/wp-content/uploads/2022/11/s-l1600-8115.jpg, https://staging10.dashboardinstrumentcluster.com/wp-content/uploads/2022/11/s-l1600-8116.jpg, https://staging10.dashboardinstrumentcluster.com/wp-content/uploads/2022/11/s-l1600-8117.jpg, https://staging10.dashboardinstrumentcluster.com/wp-content/uploads/2022/11/s-l500-3566.jpg, https://staging10.dashboardinstrumentcluster.com/wp-content/uploads/2022/11/s-l500-3567.jpg"
73618,124252424362,"https://staging10.dashboardinstrumentcluster.com/wp-content/uploads/2022/11/s-l500-3568.jpg, https://staging10.dashboardinstrumentcluster.com/wp-content/uploads/2022/11/s-l500-3569.jpg, https://staging10.dashboardinstrumentcluster.com/wp-content/uploads/2022/11/s-l500-3570.jpg, https://staging10.dashboardinstrumentcluster.com/wp-content/uploads/2022/11/s-l500-3571.jpg, https://staging10.dashboardinstrumentcluster.com/wp-content/uploads/2022/11/s-l500-3572.jpg, https://staging10.dashboardinstrumentcluster.com/wp-content/uploads/2022/11/s-l500-3573.jpg"
73626,124269745209,"https://staging10.dashboardinstrumentcluster.com/wp-content/uploads/2022/11/s-l500-3574.jpg, https://staging10.dashboardinstrumentcluster.com/wp-content/uploads/2022/11/s-l500-3575.jpg, https://staging10.dashboardinstrumentcluster.com/wp-content/uploads/2022/11/s-l500-3576.jpg, https://staging10.dashboardinstrumentcluster.com/wp-content/uploads/2022/11/s-l500-3577.jpg, https://staging10.dashboardinstrumentcluster.com/wp-content/uploads/2022/11/s-l500-3578.jpg, https://staging10.dashboardinstrumentcluster.com/wp-content/uploads/2022/11/s-l500-3579.jpg, https://staging10.dashboardinstrumentcluster.com/wp-content/uploads/2022/11/s-l500-3580.jpg"
73633,124270909202,"https://staging10.dashboardinstrumentcluster.com/wp-content/uploads/2022/11/s-l500-3581.jpg, https://staging10.dashboardinstrumentcluster.com/wp-content/uploads/2022/11/s-l500-3582.jpg, https://staging10.dashboardinstrumentcluster.com/wp-content/uploads/2022/11/s-l500-3583.jpg, https://staging10.dashboardinstrumentcluster.com/wp-content/uploads/2022/11/s-l500-3584.jpg, https://staging10.dashboardinstrumentcluster.com/wp-content/uploads/2022/11/s-l500-3585.jpg, https://staging10.dashboardinstrumentcluster.com/wp-content/uploads/2022/11/s-l500-3586.jpg"
73641,124285298023,"https://staging10.dashboardinstrumentcluster.com/wp-content/uploads/2022/11/s-l500-3587.jpg, https://staging10.dashboardinstrumentcluster.com/wp-content/uploads/2022/11/s-l1600-8118.jpg, https://staging10.dashboardinstrumentcluster.com/wp-content/uploads/2022/11/s-l1600-8119.jpg, https://staging10.dashboardinstrumentcluster.com/wp-content/uploads/2022/11/s-l1600-8120.jpg, https://staging10.dashboardinstrumentcluster.com/wp-content/uploads/2022/11/s-l500-3588.jpg, https://staging10.dashboardinstrumentcluster.com/wp-content/uploads/2022/11/s-l500-3589.jpg, https://staging10.dashboardinstrumentcluster.com/wp-content/uploads/2022/11/s-l500-3590.jpg"
73650,124285340687,"https://staging10.dashboardinstrumentcluster.com/wp-content/uploads/2022/11/s-l500-3591.jpg, https://staging10.dashboardinstrumentcluster.com/wp-content/uploads/2022/11/s-l1600-8121.jpg, https://staging10.dashboardinstrumentcluster.com/wp-content/uploads/2022/11/s-l1600-8122.jpg, https://staging10.dashboardinstrumentcluster.com/wp-content/uploads/2022/11/s-l1600-8123.jpg, https://staging10.dashboardinstrumentcluster.com/wp-content/uploads/2022/11/s-l1600-8124.jpg, https://staging10.dashboardinstrumentcluster.com/wp-content/uploads/2022/11/s-l500-3592.jpg, https://staging10.dashboardinstrumentcluster.com/wp-content/uploads/2022/11/s-l500-3593.jpg, https://staging10.dashboardinstrumentcluster.com/wp-content/uploads/2022/11/s-l500-3594.jpg"
73658,124285440077,"https://staging10.dashboardinstrumentcluster.com/wp-content/uploads/2022/11/s-l500-3595.jpg, https://staging10.dashboardinstrumentcluster.com/wp-content/uploads/2022/11/s-l1600-8125.jpg, https://staging10.dashboardinstrumentcluster.com/wp-content/uploads/2022/11/s-l500-3596.jpg, https://staging10.dashboardinstrumentcluster.com/wp-content/uploads/2022/11/s-l1600-8126.jpg, https://staging10.dashboardinstrumentcluster.com/wp-content/uploads/2022/11/s-l1600-8127.jpg, https://staging10.dashboardinstrumentcluster.com/wp-content/uploads/2022/11/s-l500-3597.jpg, https://staging10.dashboardinstrumentcluster.com/wp-content/uploads/2022/11/s-l500-3598.jpg"
73665,124286628085,"https://staging10.dashboardinstrumentcluster.com/wp-content/uploads/2022/11/s-l500-3599.jpg, https://staging10.dashboardinstrumentcluster.com/wp-content/uploads/2022/11/s-l1600-8128.jpg, https://staging10.dashboardinstrumentcluster.com/wp-content/uploads/2022/11/s-l1600-8129.jpg, https://staging10.dashboardinstrumentcluster.com/wp-content/uploads/2022/11/s-l500-3600.jpg, https://staging10.dashboardinstrumentcluster.com/wp-content/uploads/2022/11/s-l500-3601.jpg, https://staging10.dashboardinstrumentcluster.com/wp-content/uploads/2022/11/s-l500-3602.jpg"
73672,124320593656,"https://staging10.dashboardinstrumentcluster.com/wp-content/uploads/2022/11/s-l500-3603.jpg, https://staging10.dashboardinstrumentcluster.com/wp-content/uploads/2022/11/s-l500-3604.jpg, https://staging10.dashboardinstrumentcluster.com/wp-content/uploads/2022/11/s-l1600-8130.jpg, https://staging10.dashboardinstrumentcluster.com/wp-content/uploads/2022/11/s-l500-3605.jpg, https://staging10.dashboardinstrumentcluster.com/wp-content/uploads/2022/11/s-l500-3606.jpg, https://staging10.dashboardinstrumentcluster.com/wp-content/uploads/2022/11/s-l500-3607.jpg"
73680,124320713510,"https://staging10.dashboardinstrumentcluster.com/wp-content/uploads/2022/11/s-l1600-8131.jpg, https://staging10.dashboardinstrumentcluster.com/wp-content/uploads/2022/11/s-l500-3608.jpg, https://staging10.dashboardinstrumentcluster.com/wp-content/uploads/2022/11/s-l1600-8132.jpg, https://staging10.dashboardinstrumentcluster.com/wp-content/uploads/2022/11/s-l1600-8133.jpg, https://staging10.dashboardinstrumentcluster.com/wp-content/uploads/2022/11/s-l1600-8134.jpg, https://staging10.dashboardinstrumentcluster.com/wp-content/uploads/2022/11/s-l500-3609.jpg, https://staging10.dashboardinstrumentcluster.com/wp-content/uploads/2022/11/s-l500-3610.jpg"
73689,124475208515,"https://staging10.dashboardinstrumentcluster.com/wp-content/uploads/2022/11/s-l1600-8135.jpg, https://staging10.dashboardinstrumentcluster.com/wp-content/uploads/2022/11/s-l1600-8136.jpg, https://staging10.dashboardinstrumentcluster.com/wp-content/uploads/2022/11/s-l1600-8137.jpg, https://staging10.dashboardinstrumentcluster.com/wp-content/uploads/2022/11/s-l1600-8138.jpg, https://staging10.dashboardinstrumentcluster.com/wp-content/uploads/2022/11/s-l1600-8139.jpg, https://staging10.dashboardinstrumentcluster.com/wp-content/uploads/2022/11/s-l500-3611.jpg, https://staging10.dashboardinstrumentcluster.com/wp-content/uploads/2022/11/s-l500-3612.jpg"
73697,124475669956,"https://staging10.dashboardinstrumentcluster.com/wp-content/uploads/2022/11/s-l1600-8140.jpg, https://staging10.dashboardinstrumentcluster.com/wp-content/uploads/2022/11/s-l1600-8141.jpg, https://staging10.dashboardinstrumentcluster.com/wp-content/uploads/2022/11/s-l1600-8142.jpg, https://staging10.dashboardinstrumentcluster.com/wp-content/uploads/2022/11/s-l1600-8143.jpg, https://staging10.dashboardinstrumentcluster.com/wp-content/uploads/2022/11/s-l1600-8144.jpg, https://staging10.dashboardinstrumentcluster.com/wp-content/uploads/2022/11/s-l500-3613.jpg, https://staging10.dashboardinstrumentcluster.com/wp-content/uploads/2022/11/s-l500-3614.jpg"
73703,124475688666,"https://staging10.dashboardinstrumentcluster.com/wp-content/uploads/2022/11/s-l1600-8145.jpg, https://staging10.dashboardinstrumentcluster.com/wp-content/uploads/2022/11/s-l1600-8146.jpg, https://staging10.dashboardinstrumentcluster.com/wp-content/uploads/2022/11/s-l1600-8147.jpg, https://staging10.dashboardinstrumentcluster.com/wp-content/uploads/2022/11/s-l500-3615.jpg, https://staging10.dashboardinstrumentcluster.com/wp-content/uploads/2022/11/s-l500-3616.jpg"
73709,124475708180,"https://staging10.dashboardinstrumentcluster.com/wp-content/uploads/2022/11/s-l1600-8148.jpg, https://staging10.dashboardinstrumentcluster.com/wp-content/uploads/2022/11/s-l1600-8149.jpg, https://staging10.dashboardinstrumentcluster.com/wp-content/uploads/2022/11/s-l1600-8150.jpg, https://staging10.dashboardinstrumentcluster.com/wp-content/uploads/2022/11/s-l500-3617.jpg, https://staging10.dashboardinstrumentcluster.com/wp-content/uploads/2022/11/s-l500-3618.jpg"
73718,124476977645,"https://staging10.dashboardinstrumentcluster.com/wp-content/uploads/2022/11/s-l1600-8151.jpg, https://staging10.dashboardinstrumentcluster.com/wp-content/uploads/2022/11/s-l1600-8152.jpg, https://staging10.dashboardinstrumentcluster.com/wp-content/uploads/2022/11/s-l1600-8153.jpg, https://staging10.dashboardinstrumentcluster.com/wp-content/uploads/2022/11/s-l1600-8154.jpg, https://staging10.dashboardinstrumentcluster.com/wp-content/uploads/2022/11/s-l1600-8155.jpg, https://staging10.dashboardinstrumentcluster.com/wp-content/uploads/2022/11/s-l1600-8156.jpg, https://staging10.dashboardinstrumentcluster.com/wp-content/uploads/2022/11/s-l500-3619.jpg, https://staging10.dashboardinstrumentcluster.com/wp-content/uploads/2022/11/s-l500-3620.jpg"
73727,124477121256,"https://staging10.dashboardinstrumentcluster.com/wp-content/uploads/2022/11/s-l1600-8157.jpg, https://staging10.dashboardinstrumentcluster.com/wp-content/uploads/2022/11/s-l1600-8158.jpg, https://staging10.dashboardinstrumentcluster.com/wp-content/uploads/2022/11/s-l1600-8159.jpg, https://staging10.dashboardinstrumentcluster.com/wp-content/uploads/2022/11/s-l1600-8160.jpg, https://staging10.dashboardinstrumentcluster.com/wp-content/uploads/2022/11/s-l1600-8161.jpg, https://staging10.dashboardinstrumentcluster.com/wp-content/uploads/2022/11/s-l1600-8162.jpg, https://staging10.dashboardinstrumentcluster.com/wp-content/uploads/2022/11/s-l500-3621.jpg, https://staging10.dashboardinstrumentcluster.com/wp-content/uploads/2022/11/s-l500-3622.jpg"
73734,124478770357,"https://staging10.dashboardinstrumentcluster.com/wp-content/uploads/2022/11/s-l1600-8163.jpg, https://staging10.dashboardinstrumentcluster.com/wp-content/uploads/2022/11/s-l1600-8164.jpg, https://staging10.dashboardinstrumentcluster.com/wp-content/uploads/2022/11/s-l1600-8165.jpg, https://staging10.dashboardinstrumentcluster.com/wp-content/uploads/2022/11/s-l1600-8166.jpg, https://staging10.dashboardinstrumentcluster.com/wp-content/uploads/2022/11/s-l500-3623.jpg, https://staging10.dashboardinstrumentcluster.com/wp-content/uploads/2022/11/s-l500-3624.jpg"
73740,124479616884,"https://staging10.dashboardinstrumentcluster.com/wp-content/uploads/2022/11/s-l1600-8167.jpg, https://staging10.dashboardinstrumentcluster.com/wp-content/uploads/2022/11/s-l1600-8168.jpg, https://staging10.dashboardinstrumentcluster.com/wp-content/uploads/2022/11/s-l1600-8169.jpg, https://staging10.dashboardinstrumentcluster.com/wp-content/uploads/2022/11/s-l500-3625.jpg, https://staging10.dashboardinstrumentcluster.com/wp-content/uploads/2022/11/s-l500-3626.jpg"
73748,124489839653,"https://staging10.dashboardinstrumentcluster.com/wp-content/uploads/2022/11/s-l1600-8170.jpg, https://staging10.dashboardinstrumentcluster.com/wp-content/uploads/2022/11/s-l1600-8171.jpg, https://staging10.dashboardinstrumentcluster.com/wp-content/uploads/2022/11/s-l1600-8172.jpg, https://staging10.dashboardinstrumentcluster.com/wp-content/uploads/2022/11/s-l1600-8173.jpg, https://staging10.dashboardinstrumentcluster.com/wp-content/uploads/2022/11/s-l1600-8174.jpg, https://staging10.dashboardinstrumentcluster.com/wp-content/uploads/2022/11/s-l500-3627.jpg, https://staging10.dashboardinstrumentcluster.com/wp-content/uploads/2022/11/s-l500-3628.jpg"
73756,124491106990,"https://staging10.dashboardinstrumentcluster.com/wp-content/uploads/2022/11/s-l1600-8175.jpg, https://staging10.dashboardinstrumentcluster.com/wp-content/uploads/2022/11/s-l1600-8176.jpg, https://staging10.dashboardinstrumentcluster.com/wp-content/uploads/2022/11/s-l1600-8177.jpg, https://staging10.dashboardinstrumentcluster.com/wp-content/uploads/2022/11/s-l1600-8178.jpg, https://staging10.dashboardinstrumentcluster.com/wp-content/uploads/2022/11/s-l1600-8179.jpg, https://staging10.dashboardinstrumentcluster.com/wp-content/uploads/2022/11/s-l500-3629.jpg, https://staging10.dashboardinstrumentcluster.com/wp-content/uploads/2022/11/s-l500-3630.jpg"
73764,124498712955,"https://staging10.dashboardinstrumentcluster.com/wp-content/uploads/2022/11/s-l1600-8180.jpg, https://staging10.dashboardinstrumentcluster.com/wp-content/uploads/2022/11/s-l1600-8181.jpg, https://staging10.dashboardinstrumentcluster.com/wp-content/uploads/2022/11/s-l1600-8182.jpg, https://staging10.dashboardinstrumentcluster.com/wp-content/uploads/2022/11/s-l1600-8183.jpg, https://staging10.dashboardinstrumentcluster.com/wp-content/uploads/2022/11/s-l1600-8184.jpg, https://staging10.dashboardinstrumentcluster.com/wp-content/uploads/2022/11/s-l500-3631.jpg, https://staging10.dashboardinstrumentcluster.com/wp-content/uploads/2022/11/s-l500-3632.jpg"
73772,124526647867,"https://staging10.dashboardinstrumentcluster.com/wp-content/uploads/2022/11/s-l1600-8185.jpg, https://staging10.dashboardinstrumentcluster.com/wp-content/uploads/2022/11/s-l1600-8186.jpg, https://staging10.dashboardinstrumentcluster.com/wp-content/uploads/2022/11/s-l1600-8187.jpg, https://staging10.dashboardinstrumentcluster.com/wp-content/uploads/2022/11/s-l1600-8188.jpg, https://staging10.dashboardinstrumentcluster.com/wp-content/uploads/2022/11/s-l1600-8189.jpg, https://staging10.dashboardinstrumentcluster.com/wp-content/uploads/2022/11/s-l500-3633.jpg, https://staging10.dashboardinstrumentcluster.com/wp-content/uploads/2022/11/s-l500-3634.jpg"
73782,124526648328,"https://staging10.dashboardinstrumentcluster.com/wp-content/uploads/2022/11/s-l1600-8190.jpg, https://staging10.dashboardinstrumentcluster.com/wp-content/uploads/2022/11/s-l1600-8191.jpg, https://staging10.dashboardinstrumentcluster.com/wp-content/uploads/2022/11/s-l1600-8192.jpg, https://staging10.dashboardinstrumentcluster.com/wp-content/uploads/2022/11/s-l1600-8193.jpg, https://staging10.dashboardinstrumentcluster.com/wp-content/uploads/2022/11/s-l1600-8194.jpg, https://staging10.dashboardinstrumentcluster.com/wp-content/uploads/2022/11/s-l1600-8195.jpg, https://staging10.dashboardinstrumentcluster.com/wp-content/uploads/2022/11/s-l1600-8196.jpg, https://staging10.dashboardinstrumentcluster.com/wp-content/uploads/2022/11/s-l500-3635.jpg, https://staging10.dashboardinstrumentcluster.com/wp-content/uploads/2022/11/s-l500-3636.jpg"
73791,124539187243,"https://staging10.dashboardinstrumentcluster.com/wp-content/uploads/2022/11/s-l1600-8197.jpg, https://staging10.dashboardinstrumentcluster.com/wp-content/uploads/2022/11/s-l1600-8198.jpg, https://staging10.dashboardinstrumentcluster.com/wp-content/uploads/2022/11/s-l1600-8199.jpg, https://staging10.dashboardinstrumentcluster.com/wp-content/uploads/2022/11/s-l1600-8200.jpg, https://staging10.dashboardinstrumentcluster.com/wp-content/uploads/2022/11/s-l1600-8201.jpg, https://staging10.dashboardinstrumentcluster.com/wp-content/uploads/2022/11/s-l1600-8202.jpg, https://staging10.dashboardinstrumentcluster.com/wp-content/uploads/2022/11/s-l500-3637.jpg, https://staging10.dashboardinstrumentcluster.com/wp-content/uploads/2022/11/s-l500-3638.jpg"
73799,124550974256,"https://staging10.dashboardinstrumentcluster.com/wp-content/uploads/2022/11/s-l1600-8203.jpg, https://staging10.dashboardinstrumentcluster.com/wp-content/uploads/2022/11/s-l1600-8204.jpg, https://staging10.dashboardinstrumentcluster.com/wp-content/uploads/2022/11/s-l1600-8205.jpg, https://staging10.dashboardinstrumentcluster.com/wp-content/uploads/2022/11/s-l1600-8206.jpg, https://staging10.dashboardinstrumentcluster.com/wp-content/uploads/2022/11/s-l1600-8207.jpg, https://staging10.dashboardinstrumentcluster.com/wp-content/uploads/2022/11/s-l500-3639.jpg, https://staging10.dashboardinstrumentcluster.com/wp-content/uploads/2022/11/s-l500-3640.jpg"
73809,124550974529,"https://staging10.dashboardinstrumentcluster.com/wp-content/uploads/2022/11/s-l1600-8208.jpg, https://staging10.dashboardinstrumentcluster.com/wp-content/uploads/2022/11/s-l1600-8209.jpg, https://staging10.dashboardinstrumentcluster.com/wp-content/uploads/2022/11/s-l1600-8210.jpg, https://staging10.dashboardinstrumentcluster.com/wp-content/uploads/2022/11/s-l1600-8211.jpg, https://staging10.dashboardinstrumentcluster.com/wp-content/uploads/2022/11/s-l1600-8212.jpg, https://staging10.dashboardinstrumentcluster.com/wp-content/uploads/2022/11/s-l1600-8213.jpg, https://staging10.dashboardinstrumentcluster.com/wp-content/uploads/2022/11/s-l1600-8214.jpg, https://staging10.dashboardinstrumentcluster.com/wp-content/uploads/2022/11/s-l500-3641.jpg, https://staging10.dashboardinstrumentcluster.com/wp-content/uploads/2022/11/s-l500-3642.jpg"
73817,124565067093,"https://staging10.dashboardinstrumentcluster.com/wp-content/uploads/2022/11/s-l1600-8215.jpg, https://staging10.dashboardinstrumentcluster.com/wp-content/uploads/2022/11/s-l1600-8216.jpg, https://staging10.dashboardinstrumentcluster.com/wp-content/uploads/2022/11/s-l1600-8217.jpg, https://staging10.dashboardinstrumentcluster.com/wp-content/uploads/2022/11/s-l1600-8218.jpg, https://staging10.dashboardinstrumentcluster.com/wp-content/uploads/2022/11/s-l1600-8219.jpg, https://staging10.dashboardinstrumentcluster.com/wp-content/uploads/2022/11/s-l500-3643.jpg, https://staging10.dashboardinstrumentcluster.com/wp-content/uploads/2022/11/s-l500-3644.jpg"
73825,124565377149,"https://staging10.dashboardinstrumentcluster.com/wp-content/uploads/2022/11/s-l1600-8220.jpg, https://staging10.dashboardinstrumentcluster.com/wp-content/uploads/2022/11/s-l1600-8221.jpg, https://staging10.dashboardinstrumentcluster.com/wp-content/uploads/2022/11/s-l1600-8222.jpg, https://staging10.dashboardinstrumentcluster.com/wp-content/uploads/2022/11/s-l1600-8223.jpg, https://staging10.dashboardinstrumentcluster.com/wp-content/uploads/2022/11/s-l1600-8224.jpg, https://staging10.dashboardinstrumentcluster.com/wp-content/uploads/2022/11/s-l500-3645.jpg, https://staging10.dashboardinstrumentcluster.com/wp-content/uploads/2022/11/s-l500-3646.jpg"
73832,124566431717,"https://staging10.dashboardinstrumentcluster.com/wp-content/uploads/2022/11/s-l1600-8225.jpg, https://staging10.dashboardinstrumentcluster.com/wp-content/uploads/2022/11/s-l1600-8226.jpg, https://staging10.dashboardinstrumentcluster.com/wp-content/uploads/2022/11/s-l1600-8227.jpg, https://staging10.dashboardinstrumentcluster.com/wp-content/uploads/2022/11/s-l1600-8228.jpg, https://staging10.dashboardinstrumentcluster.com/wp-content/uploads/2022/11/s-l500-3647.jpg, https://staging10.dashboardinstrumentcluster.com/wp-content/uploads/2022/11/s-l500-3648.jpg"
73839,124566431850,"https://staging10.dashboardinstrumentcluster.com/wp-content/uploads/2022/11/s-l1600-8229.jpg, https://staging10.dashboardinstrumentcluster.com/wp-content/uploads/2022/11/s-l1600-8230.jpg, https://staging10.dashboardinstrumentcluster.com/wp-content/uploads/2022/11/s-l1600-8231.jpg, https://staging10.dashboardinstrumentcluster.com/wp-content/uploads/2022/11/s-l1600-8232.jpg, https://staging10.dashboardinstrumentcluster.com/wp-content/uploads/2022/11/s-l500-3649.jpg, https://staging10.dashboardinstrumentcluster.com/wp-content/uploads/2022/11/s-l500-3650.jpg"
73846,124568010165,"https://staging10.dashboardinstrumentcluster.com/wp-content/uploads/2022/11/s-l1600-8233.jpg, https://staging10.dashboardinstrumentcluster.com/wp-content/uploads/2022/11/s-l1600-8234.jpg, https://staging10.dashboardinstrumentcluster.com/wp-content/uploads/2022/11/s-l1600-8235.jpg, https://staging10.dashboardinstrumentcluster.com/wp-content/uploads/2022/11/s-l1600-8236.jpg, https://staging10.dashboardinstrumentcluster.com/wp-content/uploads/2022/11/s-l500-3651.jpg, https://staging10.dashboardinstrumentcluster.com/wp-content/uploads/2022/11/s-l500-3652.jpg"
73855,124569747395,"https://staging10.dashboardinstrumentcluster.com/wp-content/uploads/2022/11/s-l1600-8237.jpg, https://staging10.dashboardinstrumentcluster.com/wp-content/uploads/2022/11/s-l1600-8238.jpg, https://staging10.dashboardinstrumentcluster.com/wp-content/uploads/2022/11/s-l1600-8239.jpg, https://staging10.dashboardinstrumentcluster.com/wp-content/uploads/2022/11/s-l1600-8240.jpg, https://staging10.dashboardinstrumentcluster.com/wp-content/uploads/2022/11/s-l1600-8241.jpg, https://staging10.dashboardinstrumentcluster.com/wp-content/uploads/2022/11/s-l1600-8242.jpg, https://staging10.dashboardinstrumentcluster.com/wp-content/uploads/2022/11/s-l500-3653.jpg, https://staging10.dashboardinstrumentcluster.com/wp-content/uploads/2022/11/s-l500-3654.jpg"
73870,73870,
73877,124577936930,"https://staging10.dashboardinstrumentcluster.com/wp-content/uploads/2022/11/s-l1600-8254.jpg, https://staging10.dashboardinstrumentcluster.com/wp-content/uploads/2022/11/s-l1600-8255.jpg, https://staging10.dashboardinstrumentcluster.com/wp-content/uploads/2022/11/s-l1600-8256.jpg, https://staging10.dashboardinstrumentcluster.com/wp-content/uploads/2022/11/s-l1600-8257.jpg, https://staging10.dashboardinstrumentcluster.com/wp-content/uploads/2022/11/s-l1600-8258.jpg, https://staging10.dashboardinstrumentcluster.com/wp-content/uploads/2022/11/s-l500-3656.jpg, https://staging10.dashboardinstrumentcluster.com/wp-content/uploads/2022/11/s-l500-3657.jpg"
73881,222969935276,https://staging10.dashboardinstrumentcluster.com/wp-content/uploads/2022/10/s-l500-1.jpg
73911,124582207382,
73917,124590444301,"https://staging10.dashboardinstrumentcluster.com/wp-content/uploads/2022/11/s-l1600-8282.jpg, https://staging10.dashboardinstrumentcluster.com/wp-content/uploads/2022/11/s-l1600-8283.jpg, https://staging10.dashboardinstrumentcluster.com/wp-content/uploads/2022/11/s-l1600-8284.jpg, https://staging10.dashboardinstrumentcluster.com/wp-content/uploads/2022/11/s-l500-3661.jpg, https://staging10.dashboardinstrumentcluster.com/wp-content/uploads/2022/11/s-l500-3662.jpg"
73924,124590444339,"https://staging10.dashboardinstrumentcluster.com/wp-content/uploads/2022/11/s-l1600-8285.jpg, https://staging10.dashboardinstrumentcluster.com/wp-content/uploads/2022/11/s-l1600-8286.jpg, https://staging10.dashboardinstrumentcluster.com/wp-content/uploads/2022/11/s-l1600-8287.jpg, https://staging10.dashboardinstrumentcluster.com/wp-content/uploads/2022/11/s-l1600-8288.jpg, https://staging10.dashboardinstrumentcluster.com/wp-content/uploads/2022/11/s-l500-3663.jpg, https://staging10.dashboardinstrumentcluster.com/wp-content/uploads/2022/11/s-l500-3664.jpg"
73931,124592447801,"https://staging10.dashboardinstrumentcluster.com/wp-content/uploads/2022/11/s-l1600-8289.jpg, https://staging10.dashboardinstrumentcluster.com/wp-content/uploads/2022/11/s-l1600-8290.jpg, https://staging10.dashboardinstrumentcluster.com/wp-content/uploads/2022/11/s-l1600-8291.jpg, https://staging10.dashboardinstrumentcluster.com/wp-content/uploads/2022/11/s-l1600-8292.jpg, https://staging10.dashboardinstrumentcluster.com/wp-content/uploads/2022/11/s-l500-3665.jpg, https://staging10.dashboardinstrumentcluster.com/wp-content/uploads/2022/11/s-l500-3666.jpg"
73940,124592937257,
73947,124592937594,
73954,124592937846,
73973,124597699404,"https://staging10.dashboardinstrumentcluster.com/wp-content/uploads/2022/11/s-l1600-8318.jpg, https://staging10.dashboardinstrumentcluster.com/wp-content/uploads/2022/11/s-l1600-8319.jpg, https://staging10.dashboardinstrumentcluster.com/wp-content/uploads/2022/11/s-l1600-8320.jpg, https://staging10.dashboardinstrumentcluster.com/wp-content/uploads/2022/11/s-l1600-8321.jpg, https://staging10.dashboardinstrumentcluster.com/wp-content/uploads/2022/11/s-l500-3674.jpg, https://staging10.dashboardinstrumentcluster.com/wp-content/uploads/2022/11/s-l500-3675.jpg"
73981,124604285724,
73988,124609393624,
74000,124609991797,"https://staging10.dashboardinstrumentcluster.com/wp-content/uploads/2022/11/s-l1600-8335.jpg, https://staging10.dashboardinstrumentcluster.com/wp-content/uploads/2022/11/s-l1600-8336.jpg, https://staging10.dashboardinstrumentcluster.com/wp-content/uploads/2022/11/s-l1600-8337.jpg, https://staging10.dashboardinstrumentcluster.com/wp-content/uploads/2022/11/s-l1600-8338.jpg, https://staging10.dashboardinstrumentcluster.com/wp-content/uploads/2022/11/s-l1600-8339.jpg, https://staging10.dashboardinstrumentcluster.com/wp-content/uploads/2022/11/s-l500-3680.jpg, https://staging10.dashboardinstrumentcluster.com/wp-content/uploads/2022/11/s-l500-3681.jpg"
74007,124611807269,
74014,124621968054,"https://staging10.dashboardinstrumentcluster.com/wp-content/uploads/2022/11/s-l1600-8344.jpg, https://staging10.dashboardinstrumentcluster.com/wp-content/uploads/2022/11/s-l1600-8345.jpg, https://staging10.dashboardinstrumentcluster.com/wp-content/uploads/2022/11/s-l1600-8346.jpg, https://staging10.dashboardinstrumentcluster.com/wp-content/uploads/2022/11/s-l500-3684.jpg, https://staging10.dashboardinstrumentcluster.com/wp-content/uploads/2022/11/s-l500-3685.jpg, https://staging10.dashboardinstrumentcluster.com/wp-content/uploads/2022/11/s-l1600-8347.jpg"
74019,124623942194,"https://staging10.dashboardinstrumentcluster.com/wp-content/uploads/2022/11/s-l500-3686.jpg, https://staging10.dashboardinstrumentcluster.com/wp-content/uploads/2022/11/s-l500-3687.jpg, https://staging10.dashboardinstrumentcluster.com/wp-content/uploads/2022/11/s-l500-3688.jpg, https://staging10.dashboardinstrumentcluster.com/wp-content/uploads/2022/11/s-l500-3689.jpg"
74024,124624192505,"https://staging10.dashboardinstrumentcluster.com/wp-content/uploads/2022/11/s-l500-3690.jpg, https://staging10.dashboardinstrumentcluster.com/wp-content/uploads/2022/11/s-l500-3691.jpg, https://staging10.dashboardinstrumentcluster.com/wp-content/uploads/2022/11/s-l500-3692.jpg, https://staging10.dashboardinstrumentcluster.com/wp-content/uploads/2022/11/s-l500-3693.jpg"
74029,124626824463,"https://staging10.dashboardinstrumentcluster.com/wp-content/uploads/2022/11/s-l1600-8348.jpg, https://staging10.dashboardinstrumentcluster.com/wp-content/uploads/2022/11/s-l500-3694.jpg, https://staging10.dashboardinstrumentcluster.com/wp-content/uploads/2022/11/s-l500-3695.jpg, https://staging10.dashboardinstrumentcluster.com/wp-content/uploads/2022/11/s-l500-3696.jpg"
74035,124626881621,"https://staging10.dashboardinstrumentcluster.com/wp-content/uploads/2022/11/s-l1600-8349.jpg, https://staging10.dashboardinstrumentcluster.com/wp-content/uploads/2022/11/s-l1600-8350.jpg, https://staging10.dashboardinstrumentcluster.com/wp-content/uploads/2022/11/s-l1600-8351.jpg, https://staging10.dashboardinstrumentcluster.com/wp-content/uploads/2022/11/s-l500-3697.jpg, https://staging10.dashboardinstrumentcluster.com/wp-content/uploads/2022/11/s-l500-3698.jpg"
74040,124627007112,"https://staging10.dashboardinstrumentcluster.com/wp-content/uploads/2022/11/s-l1600-8352.jpg, https://staging10.dashboardinstrumentcluster.com/wp-content/uploads/2022/11/s-l500-3699.jpg, https://staging10.dashboardinstrumentcluster.com/wp-content/uploads/2022/11/s-l500-3700.jpg, https://staging10.dashboardinstrumentcluster.com/wp-content/uploads/2022/11/s-l500-3701.jpg"
74045,124627149029,"https://staging10.dashboardinstrumentcluster.com/wp-content/uploads/2022/11/s-l1600-8353.jpg, https://staging10.dashboardinstrumentcluster.com/wp-content/uploads/2022/11/s-l1600-8354.jpg, https://staging10.dashboardinstrumentcluster.com/wp-content/uploads/2022/11/s-l500-3702.jpg, https://staging10.dashboardinstrumentcluster.com/wp-content/uploads/2022/11/s-l500-3703.jpg"
74050,124629861054,"https://staging10.dashboardinstrumentcluster.com/wp-content/uploads/2022/11/s-l500-3704.jpg, https://staging10.dashboardinstrumentcluster.com/wp-content/uploads/2022/11/s-l500-3705.jpg, https://staging10.dashboardinstrumentcluster.com/wp-content/uploads/2022/11/s-l500-3706.jpg, https://staging10.dashboardinstrumentcluster.com/wp-content/uploads/2022/11/s-l500-3707.jpg"
74057,124640143069,"https://staging10.dashboardinstrumentcluster.com/wp-content/uploads/2022/11/s-l500-3708.jpg, https://staging10.dashboardinstrumentcluster.com/wp-content/uploads/2022/11/s-l1600-8355.jpg, https://staging10.dashboardinstrumentcluster.com/wp-content/uploads/2022/11/s-l1600-8356.jpg, https://staging10.dashboardinstrumentcluster.com/wp-content/uploads/2022/11/s-l500-3709.jpg, https://staging10.dashboardinstrumentcluster.com/wp-content/uploads/2022/11/s-l500-3710.jpg, https://staging10.dashboardinstrumentcluster.com/wp-content/uploads/2022/11/s-l500-3711.jpg"
74065,74065,
74072,125295670935,"https://staging10.dashboardinstrumentcluster.com/wp-content/uploads/2022/11/s-l1600-8362.jpg, https://staging10.dashboardinstrumentcluster.com/wp-content/uploads/2022/11/s-l1600-8363.jpg, https://staging10.dashboardinstrumentcluster.com/wp-content/uploads/2022/11/s-l1600-8364.jpg, https://staging10.dashboardinstrumentcluster.com/wp-content/uploads/2022/11/s-l500-3714.jpg, https://staging10.dashboardinstrumentcluster.com/wp-content/uploads/2022/11/s-l500-3715.jpg"